Surgeon,152
Psychotherapist,153
Financial trader,178
Estate agent,170
Airline pilot,148
"Pharmacist,297
Maintenance engineer,158
"Loss adjuster,153
Location manager,142
Lawyer,163
Counsellor,157
Human resources officer,174
Transport planner,147
"Lighting technician,158
Pensions consultant,150
Secondary school teacher,146
Games developer,163
Chartered management accountant,153
"Optician,141
Food technologist,145
Warden/ranger,139
Chief of Staff,150
"Journalist,466
"Nurse,608
Fine artist,167
Claims inspector/assessor,166
Civil Service fast streamer,160
Waste management officer,149
Technical author,149
Arts administrator,136
Air traffic controller,170
Immunologist,158
"Civil engineer,330
Equities trader,180
Charity fundraiser,146
"Editor,466
Furniture designer,150
Equality and diversity officer,134
"Librarian,306
"Restaurant manager,141
Armed forces logistics/support/administrative officer,157
Pharmacologist,170
Building surveyor,155
Higher education careers adviser,169
Environmental education officer,155
Immigration officer,176
Customer service manager,144
Environmental consultant,143
Careers information officer,126
"Doctor,335
Public affairs consultant,162
Quality manager,161
Merchant navy officer,178
Warehouse manager,165
Exercise physiologist,158
Legal executive,173
Newspaper journalist,136
English as a second language teacher,147
Nature conservation officer,144
Mental health nurse,151
Rural practice surveyor,149
Chief Strategy Officer,147
IT trainer,156
Technical brewer,174
Lexicographer,134
Sports coach,153
Race relations officer,175
Gaffer,164
"Chemist,153
Planning and development surveyor,155
Marine scientist,159
Television production assistant,159
Air cabin crew,146
Chiropractor,169
Exhibition designer,172
Prison officer,160
Medical illustrator,139
Theme park manager,170
Aid worker,156
Insurance risk surveyor,165
"Research officer,455
Broadcast journalist,159
Cabin crew,158
"Geologist,336
Biomedical engineer,151
Soil scientist,159
"Radiographer,322
Osteopath,167
Politician's assistant,157
Audiological scientist,160
Trading standards officer,135
"Producer,334
Sales promotion account executive,154
Forensic psychologist,133
Copy,156
Medical physicist,177
Hospital pharmacist,151
Recycling officer,148
Cytogeneticist,152
Geochemist,159
"Surveyor,1702
Counselling psychologist,193
Tour manager,142
Social worker,150
Recruitment consultant,139
Music therapist,165
Manufacturing engineer,164
Computer games developer,150
Occupational hygienist,175
Educational psychologist,164
Visual merchandiser,156
Consulting civil engineer,152
Music tutor,155
Dancer,159
Software engineer,130
Field seismologist,164
Research scientist (life sciences),146
Metallurgist,168
Electrical engineer,131
"Sales professional,166
Nutritional therapist,165
Advertising art director,140
Trade mark attorney,146
Arts development officer,155
Paediatric nurse,171
Commissioning editor,134
Animal nutritionist,157
Sport and exercise psychologist,166
Bookseller,125
"Buyer,356
"Horticulturist,324
Neurosurgeon,183
Barrister's clerk,189
Glass blower/designer,153
Contracting civil engineer,139
Agricultural engineer,143
Clinical molecular geneticist,171
Volunteer coordinator,163
Hospital doctor,152
Chartered accountant,144
Clinical embryologist,170
"Secretary,151
Herbalist,144
"Production designer,159
Senior tax professional/tax inspector,156
Medical technical officer,136
Research scientist (medical),148
Economist,145
Charity officer,158
"Presenter,143
Financial planner,180
Advertising account planner,165
Emergency planning/management officer,153
Data scientist,148
Industrial buyer,184
Television floor manager,159
Patent examiner,153
Geophysical data processor,143
Camera operator,161
Travel agency manager,153
Insurance claims handler,166
Multimedia specialist,145
Town planner,132
Adult nurse,138
Radio broadcast assistant,136
Theatre manager,155
Acupuncturist,139
Chief Financial Officer,151
Dramatherapist,144
Speech and language therapist,158
Adult guidance worker,168
Architectural technologist,127
Tourism officer,178
Commercial/residential surveyor,162
Pension scheme manager,128
IT sales professional,154
Legal secretary,152
Banker,155
Translator,141
Armed forces training and education officer,137
Medical sales representative,157
Insurance underwriter,158
IT technical support officer,159
Physiotherapist,135
Corporate investment banker,153
Psychiatric nurse,145
Media buyer,168
Risk manager,151
Printmaker,163
Database administrator,149
Ceramics designer,170
Photographer,149
Electronics engineer,163
Chief Executive Officer,160
Building services engineer,169
"Conservation officer,288
Energy manager,170
Theatre stage manager,147
Field trials officer,169
Interpreter,152
"Therapist,1217
Financial adviser,137
Amenity horticulturist,147
Private music teacher,150
Operational researcher,156
Contractor,153
"Social research officer,134
Seismic interpreter,161
Radiation protection practitioner,138
Outdoor activities/education manager,147
Early years teacher,144
Marketing executive,179
"Sound technician,147
IT consultant,152
"Scientist,1871
Forensic scientist,173
Solicitor,150
Sales executive,147
Technical sales engineer,147
Arboriculturist,138
Training and development officer,170
Toxicologist,153
Public relations officer,160
Operational investment banker,149
Heritage manager,158
Therapeutic radiographer,154
Wellsite geologist,176
"Psychotherapist,343
Agricultural consultant,162
Television/film/video producer,155
Mechanical engineer,159
Architect,159
Barrister,150
Art gallery manager,164
Occupational psychologist,153
Clinical psychologist,164
Job Title,1
Passenger transport manager,134
Health and safety adviser,166
Building control surveyor,166
Occupational therapist,163
Cartographer,149
Museum/gallery exhibitions officer,170
Hotel manager,163
Retail merchandiser,158
Automotive engineer,174
Comptroller,156
Control and instrumentation engineer,145
Musician,176
Systems developer,146
Press photographer,186
Event organiser,177
Landscape architect,155
Broadcast presenter,151
Dance movement psychotherapist,153
Artist,168
"Administrator,1006
Engineering geologist,166
Animator,141
Actor,177
Local government officer,164
Science writer,152
Sports administrator,155
Forest/woodland manager,168
Art therapist,170
Further education lecturer,158
Market researcher,169
Water quality scientist,142
"Runner,169
Ergonomist,149
Media planner,148
Clinical research associate,154
Podiatrist,144
Firefighter,163
Land,162
Clinical cytogeneticist,166
Chief Operating Officer,145
Geographical information systems officer,153
TEFL teacher,152
Ranger/warden,166
Financial manager,147
Purchasing manager,138
Administrator,146
Chartered loss adjuster,166
Accounting technician,161
Management consultant,155
Geoscientist,166
"Solicitor,186
Pathologist,151
Clothing/textile technologist,171
Public librarian,137
Water engineer,164
Site engineer,172
Mining engineer,166
Fish farm manager,143
Financial risk analyst,157
Conference centre manager,153
Holiday representative,150
"Clinical scientist,162
Scientific laboratory technician,167
Production manager,154
Personnel officer,161
Special educational needs teacher,137
Lobbyist,141
Youth worker,163
Industrial/product designer,173
Video editor,131
Armed forces operational officer,160
Product manager,157
Statistician,158
Multimedia programmer,143
Plant breeder/geneticist,170
Operations geologist,154
Tourist information centre manager,147
Sub,178
Museum education officer,163
Regulatory affairs officer,176
"Embryologist,159
Farm manager,174
Learning mentor,150
Chief Technology Officer,162
Graphic designer,128
Commercial art gallery manager,134
Meteorologist,145
Diplomatic Services operational officer,181
Health promotion specialist,171
Tax adviser,170
"Education officer,481
Naval architect,166
Broadcast engineer,152
Biomedical scientist,163
Aeronautical engineer,132
Personal assistant,155
Intelligence analyst,157
Call centre manager,155
Fitness centre manager,144
Risk analyst,154
Corporate treasurer,183
Editorial assistant,157
Trade union research officer,156
"Exhibitions officer,151
Sports therapist,190
Animal technologist,150
Environmental health practitioner,172
Analytical chemist,152
Haematologist,153
Clinical biochemist,128
Ophthalmologist,144
Stage manager,147
"Engineer,4372
Community development worker,134
Public relations account executive,157
Tree surgeon,148
Interior and spatial designer,128
"Programme researcher,148
Fashion designer,159
Product/process development scientist,181
Catering manager,148
Professor Emeritus,159
Insurance account manager,167
Chiropodist,162
Research scientist (physical sciences),151
Special effects artist,147
Herpetologist,155
Ambulance person,153
"Programmer,495
Medical secretary,135
Academic librarian,157
Optometrist,166
Chief Marketing Officer,179
Armed forces technical officer,164
Learning disability nurse,152
Advice worker,172
Fisheries officer,174
Midwife,153
Archaeologist,135
Chemical engineer,139
"Teacher,1075
Ecologist,142
Hydrogeologist,159
Network engineer,161
Radio producer,176
Oceanographer,154
Facilities manager,137
Government social research officer,170
Insurance broker,162
Publishing rights manager,144
General practice doctor,164
Land/geomatics surveyor,146
Chartered legal executive (England and Wales),162
Astronomer,178
Diagnostic radiographer,165
Homeopath,171
Geophysicist/field seismologist,142
"Physicist,152
Production engineer,175
Air broker,152
Advertising copywriter,148
"Lecturer,340
Estate manager/land agent,155
"Pilot,165
Police officer,182
Press sub,160
"Investment banker,297
Dietitian,171
Furniture conservator/restorer,166
"Psychologist,1094
Mudlogger,131
Chartered public finance accountant,167
Housing manager/officer,149
Investment analyst,180
Health and safety inspector,178
"Biochemist,166
Office manager,149
"Accountant,663
Web designer,175
Historic buildings inspector/conservation officer,151
Quantity surveyor,170
Psychiatrist,162
Logistics and distribution manager,158
Leisure centre manager,161
Primary school teacher,139
Freight forwarder,145
Drilling engineer,172
Jewellery designer,150
Make,153
Dealer,152
Archivist,140
Print production planner,127
Telecommunications researcher,150
Fast food restaurant manager,150
Retail buyer,156
Microbiologist,173
Set designer,168
Writer,177
Physiological scientist,142
Barista,155
Teaching laboratory technician,154
Advertising account executive,135
Oncologist,167
Brewing technologist,152
Information systems manager,160
Museum/gallery curator,160
Museum/gallery conservator,144
Information officer,147
Horticultural therapist,139
Magazine journalist,154
Hydrographic surveyor,171
"Production assistant,317
Horticultural consultant,167
Higher education lecturer,128
Colour technologist,168
"Merchandiser,165
Community pharmacist,166
Research scientist (maths),146
Retail banker,157
Phytotherapist,161
Futures trader,156
Probation officer,154
Paramedic,174
Structural engineer,157
Bonds trader,145
Film/video editor,154
Social researcher,162
Public house manager,153
English as a foreign language teacher,172
Licensed conveyancer,147
Petroleum engineer,154
Health service manager,148
Health physicist,133
Television camera operator,167
Systems analyst,163
Materials engineer,163
Textile designer,164
Medical laboratory scientific officer,161
Community education officer,179
Environmental manager,190
Communications engineer,171
Community arts worker,134
Health visitor,167
Actuary,173
Financial controller,150
Hydrologist,154
Product designer,158
Retail manager,147
"Development worker,297
Applications developer,166
Commercial horticulturist,154
Tax inspector,139
Illustrator,131
Energy engineer,181
Associate Professor,156
Sports development officer,168
Curator,145
Restaurant manager,154
Chartered certified accountant,161
"Geneticist,157
Company secretary,180
International aid/development worker,135
"Conservator,320
Records manager,167
Proofreader,173
Child psychotherapist,143
Dentist,166
Veterinary surgeon,164
Quarry manager,144
"Copywriter,151
Careers adviser,147
Garment/textile technologist,163
Data processing manager,160
Secretary/administrator,162
Accommodation manager,151
Theatre director,155
Dispensing optician,141
Patent attorney,150
Manufacturing systems engineer,155
Orthoptist,143
Best boy,154
Minerals surveyor,173
Civil Service administrator,147
Magazine features editor,175
Education administrator,155
Publishing copy,154
Ship broker,148
"Designer,1892
